Workbook

Sheet PAUT 설정표
A1: PAUT 검사 설정 및 빔 방향 검토표
A4: 1. 기본 입력조건
A5: 부재 두께 (mm) | B5: 25.47 | D5: 공칭 개선각 (°) | E5: 37.5 | G5: 개선각 공차 (±°) | H5: 2.5 | J5: Angle step (°) | K5: 1
A6: 최소 빔각 (°) | B6: 49 | D6: 최대 빔각 (°) | E6: 56 | G6: 검사 방향 | H6: 양측 주사 | J6: Wave type | K6: SW
A8: Probe | B8: Wave type | C8: Law config. | D8: Focus type | E8: Aperture Area | F8: Sweep angle range | G8: Angle resolution | H8: Focal depth | I8: Index offset (mm)
A9: 1D | B9: SW | C9: Sectorial | D9: True depth | E9: 5L64-A2 32 elements × 0.60 mm Active: 19.2×10 mm | F9: 49°~56° 1° increment | G9: 1 | H9: Bottom (ID) | I9: 22 | J9: 44 | K9: 67
I10: Direct / near side | J10: Reflected path | K10: Full-skip check
A12: 2. 탐촉자 정보
A13: 탐촉자 형식 | B13: 주파수 (MHz) | C13: 진동자 수 | D13: Active aperture (mm) | E13: Pitch (mm) | F13: Element Qty | G13: First Element | H13: Focusing Type | I13: Focal Length | J13: Index | K13: 비고
A14: 5L64-A2 | B14: 5 | C14: 64 | D14: 38.4×10 (total) | E14: 0.6 | F14: 32 | G14: 1 | H14: TRUE | I14: 11 | J14: 22 / 44 / 67 | K14: 32-element active aperture: 19.2×10 mm
A16: 3. PAUT Scan Plan (두께 25.47 mm / 빔각 49°~56° / Index 22·44·67 mm / 양측 주사)
A36: 4. 개선면 법선 및 빔각 적합성 검토
A37: 구분 | B37: 개선각 (°) | C37: 목표 빔각 (°) | D37: 허용 최소각 (°) | E37: 허용 최대각 (°) | F37: 사용 최소각 | G37: 사용 최대각 | H37: 최대 편차 (°) | I37: 6° 기준 | J37: 설명 | K37: 비고
A38: 최소 개선각 | B38: ='PAUT 설정표'!E5-'PAUT 설정표'!H5 | C38: =90-B38 | D38: =C38-6 | E38: =C38+6 | F38: ='PAUT 설정표'!B6 | G38: ='PAUT 설정표'!E6 | H38: =MAX(ABS(F38-C38),ABS(G38-C38)) | I38: =IF(H38<=6,"적합","검토 필요") | J38: =IF(I38="적합","사용 범위 전체가 법선 ±6° 이내","범위 조정 또는 보완검사 필요") | K38: RLNG-000-MT-SP-6313 §6.2
A39: 공칭 개선각 | B39: ='PAUT 설정표'!E5 | C39: =90-B39 | D39: =C39-6 | E39: =C39+6 | F39: ='PAUT 설정표'!B6 | G39: ='PAUT 설정표'!E6 | H39: =MAX(ABS(F39-C39),ABS(G39-C39)) | I39: =IF(H39<=6,"적합","검토 필요") | J39: =IF(I39="적합","사용 범위 전체가 법선 ±6° 이내","범위 조정 또는 보완검사 필요") | K39: RLNG-000-MT-SP-6313 §6.2
A40: 최대 개선각 | B40: ='PAUT 설정표'!E5+'PAUT 설정표'!H5 | C40: =90-B40 | D40: =C40-6 | E40: =C40+6 | F40: ='PAUT 설정표'!B6 | G40: ='PAUT 설정표'!E6 | H40: =MAX(ABS(F40-C40),ABS(G40-C40)) | I40: =IF(H40<=6,"적합","검토 필요") | J40: =IF(I40="적합","사용 범위 전체가 법선 ±6° 이내","범위 조정 또는 보완검사 필요") | K40: RLNG-000-MT-SP-6313 §6.2
A42: 5. 인덱스별 음향경로 참고값
A43: Index (mm) | B43: 빔각 (°) | C43: 1-leg 거리 (mm) | D43: Full-skip 거리 (mm) | E43: 중심선 도달깊이 (mm) | F43: 두께 이내 직접 도달 | G43: 주요 경로 | H43: 검토사항 | I43: 용접부 | J43: HAZ | K43: 판정 메모
A44: 22 | B44: 49 | C44: =$B$5*TAN(RADIANS(B44)) | D44: =2*C44 | E44: =A44/TAN(RADIANS(B44)) | F44: =IF(E44<=$B$5,"예","아니오") | G44: =IF(A44<C44,"직접 빔",IF(A44<D44,"저면 반사 경로","Full-skip 이상")) | H44: 실제 용접형상·출사점 기준으로 확인 | I44: 확인 필요 | J44: 확인 필요 | K44: Scan Plan 및 Demo Block 검증
A45: 22 | B45: 52.5 | C45: =$B$5*TAN(RADIANS(B45)) | D45: =2*C45 | E45: =A45/TAN(RADIANS(B45)) | F45: =IF(E45<=$B$5,"예","아니오") | G45: =IF(A45<C45,"직접 빔",IF(A45<D45,"저면 반사 경로","Full-skip 이상")) | H45: 실제 용접형상·출사점 기준으로 확인 | I45: 확인 필요 | J45: 확인 필요 | K45: Scan Plan 및 Demo Block 검증
A46: 22 | B46: 56 | C46: =$B$5*TAN(RADIANS(B46)) | D46: =2*C46 | E46: =A46/TAN(RADIANS(B46)) | F46: =IF(E46<=$B$5,"예","아니오") | G46: =IF(A46<C46,"직접 빔",IF(A46<D46,"저면 반사 경로","Full-skip 이상")) | H46: 실제 용접형상·출사점 기준으로 확인 | I46: 확인 필요 | J46: 확인 필요 | K46: Scan Plan 및 Demo Block 검증
A47: 44 | B47: 49 | C47: =$B$5*TAN(RADIANS(B47)) | D47: =2*C47 | E47: =A47/TAN(RADIANS(B47)) | F47: =IF(E47<=$B$5,"예","아니오") | G47: =IF(A47<C47,"직접 빔",IF(A47<D47,"저면 반사 경로","Full-skip 이상")) | H47: 실제 용접형상·출사점 기준으로 확인 | I47: 확인 필요 | J47: 확인 필요 | K47: Scan Plan 및 Demo Block 검증
A48: 44 | B48: 52.5 | C48: =$B$5*TAN(RADIANS(B48)) | D48: =2*C48 | E48: =A48/TAN(RADIANS(B48)) | F48: =IF(E48<=$B$5,"예","아니오") | G48: =IF(A48<C48,"직접 빔",IF(A48<D48,"저면 반사 경로","Full-skip 이상")) | H48: 실제 용접형상·출사점 기준으로 확인 | I48: 확인 필요 | J48: 확인 필요 | K48: Scan Plan 및 Demo Block 검증
A49: 44 | B49: 56 | C49: =$B$5*TAN(RADIANS(B49)) | D49: =2*C49 | E49: =A49/TAN(RADIANS(B49)) | F49: =IF(E49<=$B$5,"예","아니오") | G49: =IF(A49<C49,"직접 빔",IF(A49<D49,"저면 반사 경로","Full-skip 이상")) | H49: 실제 용접형상·출사점 기준으로 확인 | I49: 확인 필요 | J49: 확인 필요 | K49: Scan Plan 및 Demo Block 검증
A50: 67 | B50: 49 | C50: =$B$5*TAN(RADIANS(B50)) | D50: =2*C50 | E50: =A50/TAN(RADIANS(B50)) | F50: =IF(E50<=$B$5,"예","아니오") | G50: =IF(A50<C50,"직접 빔",IF(A50<D50,"저면 반사 경로","Full-skip 이상")) | H50: 실제 용접형상·출사점 기준으로 확인 | I50: 확인 필요 | J50: 확인 필요 | K50: Scan Plan 및 Demo Block 검증
A51: 67 | B51: 52.5 | C51: =$B$5*TAN(RADIANS(B51)) | D51: =2*C51 | E51: =A51/TAN(RADIANS(B51)) | F51: =IF(E51<=$B$5,"예","아니오") | G51: =IF(A51<C51,"직접 빔",IF(A51<D51,"저면 반사 경로","Full-skip 이상")) | H51: 실제 용접형상·출사점 기준으로 확인 | I51: 확인 필요 | J51: 확인 필요 | K51: Scan Plan 및 Demo Block 검증
A52: 67 | B52: 56 | C52: =$B$5*TAN(RADIANS(B52)) | D52: =2*C52 | E52: =A52/TAN(RADIANS(B52)) | F52: =IF(E52<=$B$5,"예","아니오") | G52: =IF(A52<C52,"직접 빔",IF(A52<D52,"저면 반사 경로","Full-skip 이상")) | H52: 실제 용접형상·출사점 기준으로 확인 | I52: 확인 필요 | J52: 확인 필요 | K52: Scan Plan 및 Demo Block 검증
A54: 검토 결론: 빔각 49°~56°는 개선각 37.5°±2.5°의 전체 제작공차에서 개선면 법선 편차 6° 이내를 만족한다. 단, Index 22/44/67 mm의 최종 적합성은 실제 용접폭, 루트형상, 웨지 출사점, 덧살 및 양측 주사 경로를 반영한 Scan Plan과 Demonstration Block으로 확인해야 한다.
